file_name,text,caption
01昼_01_水無月の会遇_002.wav,ありがとうございました。,低く落ち着いた声の大人の女性が、余裕を持って静かに話している。
01昼_01_水無月の会遇_003.wav,今日は晴れだと聞いていたのです,低く落ち着いた声の大人の女性が、余裕を持って静かに話している。
01昼_01_水無月の会遇_004.wav,傘も持たずにのんびりお散歩をして,低く落ち着いた声の大人の女性が、余裕を持って静かに話している。
01昼_01_水無月の会遇_005.wav,茶屋で少しばかり談笑していましたら,低く落ち着いた声の大人の女性が、余裕を持って静かに話している。
01昼_01_水無月の会遇_006.wav,このお天気。突然の雨にびっくりして、軒先でどうするか悩んでいたら、,低く落ち着いた声の大人の女性が、余裕を持って静かに話している。
01昼_01_水無月の会遇_007.wav,茶屋のご主人が傘を貸してくれまして。,低く落ち着いた声の大人の女性が、余裕を持って静かに話している。
01昼_01_水無月の会遇_008.wav,それが珍しい和傘でしてね,低く落ち着いた声の大人の女性が、余裕を持って静かに話している。
01昼_01_水無月の会遇_009.wav,今の私にぴったりだからって,低く落ち着いた声の大人の女性が、余裕を持って静かに話している。
01昼_01_水無月の会遇_010.wav,おかげさまで濡れずに帰ってこられました,低く落ち着いた声の大人の女性が、余裕を持って静かに話している。
01昼_01_水無月の会遇_011.wav,ただ、気温がぎゅーっと下がって寒くなりまして。,低く落ち着いた声の大人の女性が、余裕を持って静かに話している。
01昼_01_水無月の会遇_012.wav,囲炉裏の火で温まろうと思い,低く落ち着いた声の大人の女性が、余裕を持って静かに話している。
01昼_01_水無月の会遇_013.wav,部屋にお邪魔しました。もう梅雨の時期ですからね。,低く落ち着いた声の大人の女性が、余裕を持って静かに話している。
01昼_01_水無月の会遇_014.wav,囲炉裏の火はそろそろしまってもいいんじゃないかなと考えていたのですがまだまだ必要そうです,低く落ち着いた声の大人の女性が、余裕を持って静かに話している。
01昼_01_水無月の会遇_015.wav,コシキユカシイを売りにしている親戸だということは、重々承知しているのですが、時々、,低く落ち着いた声の大人の女性が、余裕を持って静かに話している。
01昼_01_水無月の会遇_016.wav,文明の力の誘惑に負けてしまいそうになる時もあるのです,低く落ち着いた声の大人の女性が、余裕を持って静かに話している。
01昼_01_水無月の会遇_017.wav,でもでも、それは一時的な感情でして。,低く落ち着いた声の大人の女性が、余裕を持って静かに話している。
01昼_01_水無月の会遇_018.wav,しばらくちゃんと思いを巡らせれば,低く落ち着いた声の大人の女性が、余裕を持って静かに話している。
01昼_01_水無月の会遇_019.wav,やっぱりこれでいいんだ,低く落ち着いた声の大人の女性が、余裕を持って静かに話している。
01昼_01_水無月の会遇_020.wav,といった形に落ち着きます。ということで、,低く落ち着いた声の大人の女性が、余裕を持って静かに話している。
01昼_01_水無月の会遇_021.wav,囲炉裏の火は大事ですよね,低く落ち着いた声の大人の女性が、余裕を持って静かに話している。
01昼_01_水無月の会遇_022.wav,大抵私の帰りを待ちわびてくださるなんて,低く落ち着いた声の大人の女性が、余裕を持って静かに話している。
01昼_01_水無月の会遇_023.wav,ありがとうございます,低く落ち着いた声の大人の女性が、余裕を持って静かに話している。
01昼_01_水無月の会遇_024.wav,ああ申し遅れました,低く落ち着いた声の大人の女性が、余裕を持って静かに話している。
01昼_01_水無月の会遇_025.wav,私は一位と言います,低く落ち着いた声の大人の女性が、余裕を持って静かに話している。
01昼_01_水無月の会遇_026.wav,そうそう電話口でそのままお部屋へどうぞと促していたのも私です,低く落ち着いた声の大人の女性が、余裕を持って静かに話している。
01昼_01_水無月の会遇_027.wav,こうなることを予測して,低く落ち着いた声の大人の女性が、余裕を持って静かに話している。
01昼_01_水無月の会遇_028.wav,ではありません,低く落ち着いた声の大人の女性が、余裕を持って静かに話している。
01昼_01_水無月の会遇_029.wav,もしもの時のためにと思ったまでです,低く落ち着いた声の大人の女性が、余裕を持って静かに話している。
01昼_01_水無月の会遇_030.wav,予定としてはお部屋でちんまりとお待ちしているはずだったのですが,低く落ち着いた声の大人の女性が、余裕を持って静かに話している。
01昼_01_水無月の会遇_031.wav,でもでも,低く落ち着いた声の大人の女性が、余裕を持って静かに話している。
01昼_01_水無月の会遇_032.wav,初対面がこうしたトラブルだと妙に印象に残ったりするとも言いますし,低く落ち着いた声の大人の女性が、余裕を持って静かに話している。
01昼_01_水無月の会遇_033.wav,怪我の巧妙棚からボタ持ち,低く落ち着いた声の大人の女性が、余裕を持って静かに話している。
01昼_01_水無月の会遇_034.wav,ひょうたんからごま,低く落ち着いた声の大人の女性が、余裕を持って静かに話している。
01昼_01_水無月の会遇_035.wav,いい方に転んだんじゃないかなと,低く落ち着いた声の大人の女性が、余裕を持って静かに話している。
01昼_01_水無月の会遇_036.wav,それにしても,低く落ち着いた声の大人の女性が、余裕を持って静かに話している。
01昼_01_水無月の会遇_037.wav,雨、強くなってます。,低く落ち着いた声の大人の女性が、余裕を持って静かに話している。
01昼_01_水無月の会遇_038.wav,屋内だというのにバタバタと大きく聞こえてきます,低く落ち着いた声の大人の女性が、余裕を持って静かに話している。
01昼_01_水無月の会遇_039.wav,外の景色は……,低く落ち着いた声の大人の女性が、余裕を持って静かに話している。
01昼_01_水無月の会遇_040.wav,あまり景色を楽しむといったことはできそうにないですね,低く落ち着いた声の大人の女性が、余裕を持って静かに話している。
01昼_01_水無月の会遇_041.wav,アメアメ,低く落ち着いた声の大人の女性が、余裕を持って静かに話している。
01昼_01_水無月の会遇_042.wav,旦那さんは雨は嫌いですか?,低く落ち着いた声の大人の女性が、余裕を持って静かに話している。
01昼_01_水無月の会遇_043.wav,あたしはどちらかというと,低く落ち着いた声の大人の女性が、余裕を持って静かに話している。
01昼_01_水無月の会遇_044.wav,苦手ではあります濡れると大変ですし田舎町ですから地面もぬかるんで泥が跳ねたりしますし,低く落ち着いた声の大人の女性が、余裕を持って静かに話している。
01昼_01_水無月の会遇_045.wav,それも不正の一つだとしても,低く落ち着いた声の大人の女性が、余裕を持って静かに話している。
01昼_01_水無月の会遇_046.wav,苦手なのは苦手です,低く落ち着いた声の大人の女性が、余裕を持って静かに話している。
01昼_01_水無月の会遇_047.wav,ですけども雨の匂いは好きです,低く落ち着いた声の大人の女性が、余裕を持って静かに話している。
01昼_01_水無月の会遇_048.wav,あの独特のこれから雨が降るぞーって時に香る,低く落ち着いた声の大人の女性が、余裕を持って静かに話している。
01昼_01_水無月の会遇_049.wav,匂いです。今日みたいな土砂降りでは感じにくいのですが。,低く落ち着いた声の大人の女性が、余裕を持って静かに話している。
01昼_01_水無月の会遇_050.wav,明日は…,低く落ち着いた声の大人の女性が、余裕を持って静かに話している。
01昼_01_水無月の会遇_051.wav,晴れるといいですね。何度もお越しくださってるとしても。,低く落ち着いた声の大人の女性が、余裕を持って静かに話している。
01昼_01_水無月の会遇_052.wav,外を歩いたりできないのは面白くないと思いますし。,低く落ち着いた声の大人の女性が、余裕を持って静かに話している。
01昼_01_水無月の会遇_053.wav,夕刻を回りましたし今日のところはひとまず,低く落ち着いた声の大人の女性が、余裕を持って静かに話している。
01昼_01_水無月の会遇_054.wav,お宿で過ごすしかありません,低く落ち着いた声の大人の女性が、余裕を持って静かに話している。
01昼_01_水無月の会遇_055.wav,その分、私がいろいろとおもてなしをさせていただきます。,低く落ち着いた声の大人の女性が、余裕を持って静かに話している。
01昼_01_水無月の会遇_056.wav,緊張していますか?,低く落ち着いた声の大人の女性が、余裕を持って静かに話している。
01昼_01_水無月の会遇_057.wav,大丈夫です。私もこう見えて緊張しています。,低く落ち着いた声の大人の女性が、余裕を持って静かに話している。
01昼_01_水無月の会遇_058.wav,なるべく表に出さないようにとはしていますが,低く落ち着いた声の大人の女性が、余裕を持って静かに話している。
01昼_01_水無月の会遇_059.wav,胸の内はドキドキしています,低く落ち着いた声の大人の女性が、余裕を持って静かに話している。
01昼_01_水無月の会遇_060.wav,それもお互いに初めてだからです,低く落ち着いた声の大人の女性が、余裕を持って静かに話している。
01昼_01_水無月の会遇_061.wav,今日を皮切りに、旦那さんには私を知ってもらいたく。,低く落ち着いた声の大人の女性が、余裕を持って静かに話している。
01昼_01_水無月の会遇_062.wav,それに、私も旦那さんを知りたくありますし。,低く落ち着いた声の大人の女性が、余裕を持って静かに話している。
01昼_01_水無月の会遇_063.wav,ある意味でこの雨も二人きりで過ごすにはいい機会なのかもしれません,低く落ち着いた声の大人の女性が、余裕を持って静かに話している。
01昼_01_水無月の会遇_064.wav,夜はまだまだ寒い季節です。,低く落ち着いた声の大人の女性が、余裕を持って静かに話している。
01昼_01_水無月の会遇_065.wav,それに今も少し肌寒いですし,低く落ち着いた声の大人の女性が、余裕を持って静かに話している。
01昼_01_水無月の会遇_066.wav,火に当たるのもいいですが,低く落ち着いた声の大人の女性が、余裕を持って静かに話している。
01昼_01_水無月の会遇_067.wav,人肌が少し恋しくなります,低く落ち着いた声の大人の女性が、余裕を持って静かに話している。
01昼_01_水無月の会遇_068.wav,お隣,低く落ち着いた声の大人の女性が、余裕を持って静かに話している。
01昼_01_水無月の会遇_069.wav,よろしいですかありがとうございますそれでは,低く落ち着いた声の大人の女性が、余裕を持って静かに話している。
01昼_01_水無月の会遇_070.wav,その前に,低く落ち着いた声の大人の女性が、余裕を持って静かに話している。
01昼_01_水無月の会遇_071.wav,旦那さん、いらっしゃいませ。ようこそおいでくださいました。,低く落ち着いた声の大人の女性が、余裕を持って静かに話している。
01昼_01_水無月の会遇_072.wav,今宵はどうぞごゆっくりなさってくださいね,低く落ち着いた声の大人の女性が、余裕を持って静かに話している。
01昼_01_洒落と道程_001.wav,ご予約の方は誰かと思いましたら,低く落ち着いた声の大人の女性が、余裕を持って静かに話している。
01昼_01_洒落と道程_002.wav,旦那さんでしたか,低く落ち着いた声の大人の女性が、余裕を持って静かに話している。
01昼_01_洒落と道程_003.wav,ご無沙汰しております。一位です。,低く落ち着いた声の大人の女性が、余裕を持って静かに話している。
01昼_01_洒落と道程_004.wav,忘れてはいませんよ,低く落ち着いた声の大人の女性が、余裕を持って静かに話している。
01昼_01_洒落と道程_005.wav,あの日のことは昨日のように覚えています。,低く落ち着いた声の大人の女性が、余裕を持って静かに話している。
01昼_01_洒落と道程_006.wav,本当ですよ,低く落ち着いた声の大人の女性が、余裕を持って静かに話している。
01昼_01_洒落と道程_007.wav,もちろん今思い出しました,低く落ち着いた声の大人の女性が、余裕を持って静かに話している。
01昼_01_洒落と道程_008.wav,今日であたしと会うのは2回目,低く落ち着いた声の大人の女性が、余裕を持って静かに話している。
01昼_01_洒落と道程_009.wav,ならば旦那さんも私のことは覚えておりましたか?,低く落ち着いた声の大人の女性が、余裕を持って静かに話している。
01昼_01_洒落と道程_010.wav,なんとなくふわりと,低く落ち着いた声の大人の女性が、余裕を持って静かに話している。
01昼_01_洒落と道程_011.wav,もう会わないかもとか,低く落ち着いた声の大人の女性が、余裕を持って静かに話している。
01昼_01_洒落と道程_012.wav,思ってました?まあまあ,低く落ち着いた声の大人の女性が、余裕を持って静かに話している。
01昼_01_洒落と道程_013.wav,そう思われるのは仕方のないこと,低く落ち着いた声の大人の女性が、余裕を持って静かに話している。
01昼_01_洒落と道程_014.wav,誰も指名せずにご予約される方は、,低く落ち着いた声の大人の女性が、余裕を持って静かに話している。
01昼_01_洒落と道程_015.wav,まだ見ぬ出会いを求めていらっしゃる方が多いですからね,低く落ち着いた声の大人の女性が、余裕を持って静かに話している。
01昼_01_洒落と道程_016.wav,旦那さんもその口ですか?,低く落ち着いた声の大人の女性が、余裕を持って静かに話している。
01昼_01_洒落と道程_017.wav,それとも、別ですか?,低く落ち着いた声の大人の女性が、余裕を持って静かに話している。
01昼_01_洒落と道程_018.wav,一人に思い入れをせず,低く落ち着いた声の大人の女性が、余裕を持って静かに話している。
01昼_01_洒落と道程_019.wav,こちらにお任せが好きというわけですか?,低く落ち着いた声の大人の女性が、余裕を持って静かに話している。
01昼_01_洒落と道程_020.wav,いいでしょ,低く落ち着いた声の大人の女性が、余裕を持って静かに話している。
01昼_01_洒落と道程_021.wav,さんざめいた季節でもありませんから,低く落ち着いた声の大人の女性が、余裕を持って静かに話している。
01昼_01_洒落と道程_022.wav,散策が目的ではありませんよね。,低く落ち着いた声の大人の女性が、余裕を持って静かに話している。
01昼_01_洒落と道程_023.wav,だと思いました,低く落ち着いた声の大人の女性が、余裕を持って静かに話している。
01昼_01_洒落と道程_024.wav,今日みたいな木枯らしが強い日は、外を歩くのは少し辛いですからね。,低く落ち着いた声の大人の女性が、余裕を持って静かに話している。
01昼_01_洒落と道程_025.wav,ならば今日はたくさんお話ししましょうか,低く落ち着いた声の大人の女性が、余裕を持って静かに話している。
01昼_01_洒落と道程_026.wav,最初の出会いはまだ私のほんのわずかしか見せていませんでしたから,低く落ち着いた声の大人の女性が、余裕を持って静かに話している。
01昼_01_洒落と道程_027.wav,とは言っても、お話しできることは…,低く落ち着いた声の大人の女性が、余裕を持って静かに話している。
01昼_01_洒落と道程_028.wav,経験のことばかり片肘張らないでくださいまだ来たばかりじゃないですか,低く落ち着いた声の大人の女性が、余裕を持って静かに話している。
01昼_01_洒落と道程_029.wav,怖がらせようなんてしていないですよ,低く落ち着いた声の大人の女性が、余裕を持って静かに話している。
01昼_01_洒落と道程_030.wav,何せ百戦錬磨の旦那さんではありませんか。,低く落ち着いた声の大人の女性が、余裕を持って静かに話している。
01昼_01_洒落と道程_031.wav,目新しく弾むような明るく笑顔になる思い出よりも,低く落ち着いた声の大人の女性が、余裕を持って静かに話している。
01昼_01_洒落と道程_032.wav,頭に残っているのはもっと印象深い,低く落ち着いた声の大人の女性が、余裕を持って静かに話している。
01昼_01_洒落と道程_033.wav,ひどく影がかかるような。,低く落ち着いた声の大人の女性が、余裕を持って静かに話している。
01昼_01_洒落と道程_034.wav,しかしながら、教訓になるような小話。,低く落ち着いた声の大人の女性が、余裕を持って静かに話している。
01昼_01_洒落と道程_035.wav,今さら私のような女を相手に何を気構えする必要がありますか。,低く落ち着いた声の大人の女性が、余裕を持って静かに話している。
01昼_01_洒落と道程_036.wav,旦那さんだからこそ私は,低く落ち着いた声の大人の女性が、余裕を持って静かに話している。
01昼_01_洒落と道程_037.wav,こうして正直にお話ししているんですよ。,低く落ち着いた声の大人の女性が、余裕を持って静かに話している。
01昼_01_洒落と道程_038.wav,甘く届けるように包み込む法要は,低く落ち着いた声の大人の女性が、余裕を持って静かに話している。
01昼_01_洒落と道程_039.wav,ほかのこにまかせていますから。,低く落ち着いた声の大人の女性が、余裕を持って静かに話している。
01昼_01_洒落と道程_040.wav,おもてなしよし,低く落ち着いた声の大人の女性が、余裕を持って静かに話している。
01昼_01_洒落と道程_041.wav,そしてもてなされる互いの関係は,低く落ち着いた声の大人の女性が、余裕を持って静かに話している。
01昼_01_洒落と道程_042.wav,一定の距離を持つこと,低く落ち着いた声の大人の女性が、余裕を持って静かに話している。
01昼_01_洒落と道程_043.wav,これも遊びの一つですよ、旦那さん。,低く落ち着いた声の大人の女性が、余裕を持って静かに話している。
01昼_01_洒落と道程_044.wav,お話をするよりも聞く方がお好きではないかと感じましたからね。,低く落ち着いた声の大人の女性が、余裕を持って静かに話している。
01昼_01_洒落と道程_045.wav,引き出しの多さは年の高というわけです。,低く落ち着いた声の大人の女性が、余裕を持って静かに話している。
01昼_01_洒落と道程_046.wav,旦那さんのどのようなご要望にもお答えできるよ。,低く落ち着いた声の大人の女性が、余裕を持って静かに話している。
01昼_01_洒落と道程_047.wav,種々雑多な案をご用意してはおりますが,低く落ち着いた声の大人の女性が、余裕を持って静かに話している。
01昼_01_洒落と道程_048.wav,それでいいですか?,低く落ち着いた声の大人の女性が、余裕を持って静かに話している。
01昼_01_洒落と道程_049.wav,わかりました,低く落ち着いた声の大人の女性が、余裕を持って静かに話している。
01昼_01_洒落と道程_050.wav,甘く、甘く,低く落ち着いた声の大人の女性が、余裕を持って静かに話している。
01昼_01_洒落と道程_051.wav,ひたすらに、甘露で密な時間を過ごしたいとおっしゃっていましたら。,低く落ち着いた声の大人の女性が、余裕を持って静かに話している。
01昼_01_洒落と道程_052.wav,そうしていました それが何かを,低く落ち着いた声の大人の女性が、余裕を持って静かに話している。
01昼_01_洒落と道程_053.wav,興味があるなら、次回会うときにでも。,低く落ち着いた声の大人の女性が、余裕を持って静かに話している。
01昼_01_洒落と道程_054.wav,旦那さんなら機会は豊富にあるでしょう,低く落ち着いた声の大人の女性が、余裕を持って静かに話している。
01昼_01_洒落と道程_055.wav,さあ、もし…,低く落ち着いた声の大人の女性が、余裕を持って静かに話している。
01昼_01_洒落と道程_056.wav,次と今を思い出したら,低く落ち着いた声の大人の女性が、余裕を持って静かに話している。
01昼_01_洒落と道程_057.wav,ぜひともご指名くださいね,低く落ち着いた声の大人の女性が、余裕を持って静かに話している。
01昼_01_洒落と道程_058.wav,私は悪い女ですから,低く落ち着いた声の大人の女性が、余裕を持って静かに話している。
01昼_01_洒落と道程_059.wav,愛を平等になんてことは言いません,低く落ち着いた声の大人の女性が、余裕を持って静かに話している。
01昼_01_洒落と道程_060.wav,必要とされる人でありたいです,低く落ち着いた声の大人の女性が、余裕を持って静かに話している。
01昼_01_洒落と道程_061.wav,そのために、お宿に勤めていますからね。,低く落ち着いた声の大人の女性が、余裕を持って静かに話している。
01昼_01_洒落と道程_062.wav,すみません。せっかくなのに机を挟んで話し続けるなんて物性もいいところ。,低く落ち着いた声の大人の女性が、余裕を持って静かに話している。
01昼_01_洒落と道程_063.wav,せっかくですお膝の上に,低く落ち着いた声の大人の女性が、余裕を持って静かに話している。
01昼_01_洒落と道程_064.wav,軽く耳かきでもしながらしませんか?,低く落ち着いた声の大人の女性が、余裕を持って静かに話している。
01昼_01_洒落と道程_065.wav,ありがとうございます,低く落ち着いた声の大人の女性が、余裕を持って静かに話している。
01昼_01_洒落と道程_066.wav,それでは旦那さん,低く落ち着いた声の大人の女性が、余裕を持って静かに話している。
01昼_01_洒落と道程_067.wav,いらっしゃいませ。ようこそおいでくださいました。,低く落ち着いた声の大人の女性が、余裕を持って静かに話している。
01昼_01_洒落と道程_068.wav,今宵はどうぞ、ごゆっくりなさってくださいね。,低く落ち着いた声の大人の女性が、余裕を持って静かに話している。
01昼_02_憩いの耳かき_001.wav,それでは、お膝の上にどうぞ。,低く落ち着いた声の大人の女性が、余裕を持って静かに話している。
01昼_02_憩いの耳かき_002.wav,お顔は左右どちらでも。,低く落ち着いた声の大人の女性が、余裕を持って静かに話している。
01昼_02_憩いの耳かき_003.wav,お好きな方で構いませんよ,低く落ち着いた声の大人の女性が、余裕を持って静かに話している。
01昼_02_憩いの耳かき_004.wav,遠慮がちに緊張していますね,低く落ち着いた声の大人の女性が、余裕を持って静かに話している。
01昼_02_憩いの耳かき_005.wav,何も知らないまっさらな出会いよりも,低く落ち着いた声の大人の女性が、余裕を持って静かに話している。
01昼_02_憩いの耳かき_006.wav,少し知ってしまった後の方が,低く落ち着いた声の大人の女性が、余裕を持って静かに話している。
01昼_02_憩いの耳かき_007.wav,妙にこわばって気を使ってしまう,低く落ち着いた声の大人の女性が、余裕を持って静かに話している。
01昼_02_憩いの耳かき_008.wav,私もそうなんですよね,低く落ち着いた声の大人の女性が、余裕を持って静かに話している。
01昼_02_憩いの耳かき_009.wav,なので、そのこわばった体をほぐす意味も込めての,低く落ち着いた声の大人の女性が、余裕を持って静かに話している。
01昼_02_憩いの耳かき_010.wav,耳かきです。私も。,低く落ち着いた声の大人の女性が、余裕を持って静かに話している。
01昼_02_憩いの耳かき_011.wav,旦那さんのお耳をカキカキしつつ、自然体を作っていこうかと思います。,低く落ち着いた声の大人の女性が、余裕を持って静かに話している。
01昼_02_憩いの耳かき_012.wav,さっき…,低く落ち着いた声の大人の女性が、余裕を持って静かに話している。
01昼_02_憩いの耳かき_013.wav,お宿の子たちに手本として見せたりするんですが、こうしてお相手をしながらというのは、実は…,低く落ち着いた声の大人の女性が、余裕を持って静かに話している。
01昼_02_憩いの耳かき_014.wav,かなり久しぶりだったりします,低く落ち着いた声の大人の女性が、余裕を持って静かに話している。
01昼_02_憩いの耳かき_015.wav,というのも…,低く落ち着いた声の大人の女性が、余裕を持って静かに話している。
01昼_02_憩いの耳かき_016.wav,私、キセルを趣味としているじゃないですか。,低く落ち着いた声の大人の女性が、余裕を持って静かに話している。
01昼_02_憩いの耳かき_017.wav,以前旦那さんともお話ししながら,低く落ち着いた声の大人の女性が、余裕を持って静かに話している。
01昼_02_憩いの耳かき_018.wav,気持ちよく吸わせていただきましたが時代なんですかね煙を吸う女は嫌だとか,低く落ち着いた声の大人の女性が、余裕を持って静かに話している。
01昼_02_憩いの耳かき_019.wav,会ってもいないのに口が臭いのがわかるから違う人に?とかなんのかのと,低く落ち着いた声の大人の女性が、余裕を持って静かに話している。
01昼_02_憩いの耳かき_020.wav,カクカクシカシカ,低く落ち着いた声の大人の女性が、余裕を持って静かに話している。
01昼_02_憩いの耳かき_021.wav,悪いのは私。,低く落ち着いた声の大人の女性が、余裕を持って静かに話している。
01昼_02_憩いの耳かき_022.wav,時代に合わせられず…,低く落ち着いた声の大人の女性が、余裕を持って静かに話している。
01昼_02_憩いの耳かき_023.wav,といって趣味を捨てることもできず,低く落ち着いた声の大人の女性が、余裕を持って静かに話している。
01昼_02_憩いの耳かき_024.wav,疎んじられても胸を張るしかなく,低く落ち着いた声の大人の女性が、余裕を持って静かに話している。
01昼_02_憩いの耳かき_025.wav,そんなこんなで機会に恵まれませんでしたなのでこうしてつべこべと,低く落ち着いた声の大人の女性が、余裕を持って静かに話している。
01昼_02_憩いの耳かき_026.wav,言葉を並べながら、ゆとめます。,低く落ち着いた声の大人の女性が、余裕を持って静かに話している。
01昼_02_憩いの耳かき_027.wav,2人と耳かきができるのは,低く落ち着いた声の大人の女性が、余裕を持って静かに話している。
01昼_02_憩いの耳かき_028.wav,とても嬉しい出来事です,低く落ち着いた声の大人の女性が、余裕を持って静かに話している。
01昼_02_憩いの耳かき_029.wav,冗談ではなく,低く落ち着いた声の大人の女性が、余裕を持って静かに話している。
01昼_02_憩いの耳かき_030.wav,本当ですよ。,低く落ち着いた声の大人の女性が、余裕を持って静かに話している。
01昼_02_憩いの耳かき_031.wav,旦那さんがお相手ですから,低く落ち着いた声の大人の女性が、余裕を持って静かに話している。
01昼_02_憩いの耳かき_032.wav,最初からゆったりと支援をくゆらせて、気持ちを整えていようかなと思っていたんですが、少し怖かった。,低く落ち着いた声の大人の女性が、余裕を持って静かに話している。
01昼_02_憩いの耳かき_033.wav,だったんでしょうね。拒否される可能性がわずかでもあるなら、やめとこう。と、がらにもなく気を遣…,低く落ち着いた声の大人の女性が、余裕を持って静かに話している。
01昼_02_憩いの耳かき_034.wav,ふんわりとした記憶の旦那さんの姿を思い返しながら,低く落ち着いた声の大人の女性が、余裕を持って静かに話している。
01昼_02_憩いの耳かき_035.wav,お待ちしておりました。,低く落ち着いた声の大人の女性が、余裕を持って静かに話している。
01昼_02_憩いの耳かき_036.wav,自分が時代に取り残されてついていけず,低く落ち着いた声の大人の女性が、余裕を持って静かに話している。
01昼_02_憩いの耳かき_037.wav,昔はこうではなかった。最近のなんとかはうんぬん、なんて多少なりとも思う側になるなんて。,低く落ち着いた声の大人の女性が、余裕を持って静かに話している。
01昼_02_憩いの耳かき_038.wav,少しショックを受けたりああそうか口では年の子とか少年だとかさかしく言ってた,低く落ち着いた声の大人の女性が、余裕を持って静かに話している。
01昼_02_憩いの耳かき_039.wav,だけど、実際に思うとなると…,低く落ち着いた声の大人の女性が、余裕を持って静かに話している。
01昼_02_憩いの耳かき_040.wav,精神はずっと若いままでいたかったのか,低く落ち着いた声の大人の女性が、余裕を持って静かに話している。
01昼_02_憩いの耳かき_041.wav,とかも、感じたりで,低く落ち着いた声の大人の女性が、余裕を持って静かに話している。
01昼_02_憩いの耳かき_043.wav,もう若くないんだから、なんて自分を納得させるのにはそれなりの時間を用しちゃいました。,低く落ち着いた声の大人の女性が、余裕を持って静かに話している。
01昼_02_憩いの耳かき_044.wav,旦那さんはどうですか?まだ、なんでも…,低く落ち着いた声の大人の女性が、余裕を持って静かに話している。
01昼_02_憩いの耳かき_045.wav,…っと?,低く落ち着いた声の大人の女性が、余裕を持って静かに話している。
01昼_02_憩いの耳かき_046.wav,ずいぶんと綺麗なお耳ですね。,低く落ち着いた声の大人の女性が、余裕を持って静かに話している。
01昼_02_憩いの耳かき_047.wav,あまり撮れませんでした。最近やられましたか?,低く落ち着いた声の大人の女性が、余裕を持って静かに話している。
01昼_02_憩いの耳かき_048.wav,なるほど、なるほど。,低く落ち着いた声の大人の女性が、余裕を持って静かに話している。
01昼_02_憩いの耳かき_049.wav,大丈夫ですよ。皆まで言わずとも。,低く落ち着いた声の大人の女性が、余裕を持って静かに話している。
01昼_02_憩いの耳かき_050.wav,では梵天ゆっくりほじほじしますので動かないでくださいね,低く落ち着いた声の大人の女性が、余裕を持って静かに話している。
01昼_02_憩いの耳かき_051.wav,ご視聴ありがとうございました,低く落ち着いた声の大人の女性が、余裕を持って静かに話している。
01昼_02_憩いの耳かき_052.wav,ご視聴ありがとうございました,低く落ち着いた声の大人の女性が、余裕を持って静かに話している。
01昼_02_憩いの耳かき_058.wav,うん,低く落ち着いた声の大人の女性が、余裕を持って静かに話している。
01昼_02_憩いの耳かき_061.wav,最近は立ち上がるときに,低く落ち着いた声の大人の女性が、余裕を持って静かに話している。
01昼_02_憩いの耳かき_062.wav,よっこいしょと言っちゃうこともあって,低く落ち着いた声の大人の女性が、余裕を持って静かに話している。
01昼_02_憩いの耳かき_063.wav,恥ずかしい限りです,低く落ち着いた声の大人の女性が、余裕を持って静かに話している。
01昼_02_憩いの耳かき_064.wav,よし,低く落ち着いた声の大人の女性が、余裕を持って静かに話している。
01昼_02_憩いの耳かき_065.wav,では、仕上げに耳の周りについたものをふーっと飛ばしちゃいますね。,低く落ち着いた声の大人の女性が、余裕を持って静かに話している。
01昼_02_憩いの耳かき_067.wav,うん、もう一回,低く落ち着いた声の大人の女性が、余裕を持って静かに話している。
01昼_02_憩いの耳かき_069.wav,これでこちらは終わりです,低く落ち着いた声の大人の女性が、余裕を持って静かに話している。
01昼_02_憩いの耳かき_070.wav,では反対側、お顔をお腹側に向けてください。,低く落ち着いた声の大人の女性が、余裕を持って静かに話している。
01昼_02_憩いの耳かき_071.wav,立ち上がって反対でもいいですが。,低く落ち着いた声の大人の女性が、余裕を持って静かに話している。
01昼_02_憩いの耳かき_072.wav,それよりもこちらの方がいいですよね。,低く落ち着いた声の大人の女性が、余裕を持って静かに話している。
01昼_02_憩いの耳かき_073.wav,ん?,低く落ち着いた声の大人の女性が、余裕を持って静かに話している。
01昼_02_憩いの耳かき_074.wav,はーい,低く落ち着いた声の大人の女性が、余裕を持って静かに話している。
01昼_02_憩いの耳かき_075.wav,目をつむったままでもいいですし、そのままお顔をうずめても。,低く落ち着いた声の大人の女性が、余裕を持って静かに話している。
01昼_02_憩いの耳かき_076.wav,冗談です。,低く落ち着いた声の大人の女性が、余裕を持って静かに話している。
01昼_02_憩いの耳かき_077.wav,昼間からそんなことをするお人ではありませんよね。,低く落ち着いた声の大人の女性が、余裕を持って静かに話している。
01昼_02_憩いの耳かき_078.wav,旦那さんは?,低く落ち着いた声の大人の女性が、余裕を持って静かに話している。
01昼_02_憩いの耳かき_079.wav,はい、季節のこと。豆知識的な言葉遊びと風流の話題。,低く落ち着いた声の大人の女性が、余裕を持って静かに話している。
01昼_02_憩いの耳かき_080.wav,幾度となくそうしたことを語ってきました,低く落ち着いた声の大人の女性が、余裕を持って静かに話している。
01昼_02_憩いの耳かき_081.wav,旦那さんはどうでしょうか?,低く落ち着いた声の大人の女性が、余裕を持って静かに話している。
01昼_02_憩いの耳かき_082.wav,もうすでに聞き飽きましたか?,低く落ち着いた声の大人の女性が、余裕を持って静かに話している。
01昼_02_憩いの耳かき_083.wav,語る側になるとより一層,低く落ち着いた声の大人の女性が、余裕を持って静かに話している。
01昼_02_憩いの耳かき_084.wav,身近に感じられるようになりますよ。,低く落ち着いた声の大人の女性が、余裕を持って静かに話している。
01昼_02_憩いの耳かき_085.wav,なので旦那さんの周りの人に,低く落ち着いた声の大人の女性が、余裕を持って静かに話している。
01昼_02_憩いの耳かき_086.wav,何となしに語ってみてはどうでしょうか。,低く落ち着いた声の大人の女性が、余裕を持って静かに話している。
01昼_02_憩いの耳かき_087.wav,もちろん、お宿のことは伏せておいて、四季にまつわるいろんなこと、魅力に感じられているからこそ、,低く落ち着いた声の大人の女性が、余裕を持って静かに話している。
01昼_02_憩いの耳かき_088.wav,幾度となくお宿に通っているのだと思います。,低く落ち着いた声の大人の女性が、余裕を持って静かに話している。
01昼_02_憩いの耳かき_089.wav,変な話になりますが,低く落ち着いた声の大人の女性が、余裕を持って静かに話している。
01昼_02_憩いの耳かき_090.wav,旦那さんの方からお宿の人にあれこれと伝えてみてもいいと思いますよ。,低く落ち着いた声の大人の女性が、余裕を持って静かに話している。
01昼_02_憩いの耳かき_091.wav,新しい子にもし出会えば。,低く落ち着いた声の大人の女性が、余裕を持って静かに話している。
01昼_02_憩いの耳かき_092.wav,その子よりも旦那さんの方が話題が豊富ですからね年長者の務めというやつで,低く落ち着いた声の大人の女性が、余裕を持って静かに話している。
01昼_02_憩いの耳かき_093.wav,恥ずかしくなんかないですよ教えられて,低く落ち着いた声の大人の女性が、余裕を持って静かに話している。
01昼_02_憩いの耳かき_094.wav,この村の話題で盛り上がれるなんて素敵じゃありませんか。,低く落ち着いた声の大人の女性が、余裕を持って静かに話している。
01昼_02_憩いの耳かき_095.wav,なんでこんなことを言うかというと,低く落ち着いた声の大人の女性が、余裕を持って静かに話している。
01昼_02_憩いの耳かき_096.wav,私がそれをしてもらえた時に嬉しかったからです。,低く落ち着いた声の大人の女性が、余裕を持って静かに話している。
01昼_02_憩いの耳かき_097.wav,共通の、しかも,低く落ち着いた声の大人の女性が、余裕を持って静かに話している。
01昼_02_憩いの耳かき_098.wav,ここでしか知り得ない話題ぐっと距離も近しくなります親切な押し売りではありませんが,低く落ち着いた声の大人の女性が、余裕を持って静かに話している。
01昼_02_憩いの耳かき_099.wav,旦那さんはまだまだ何度も来ていただけるものと思っていますから。,低く落ち着いた声の大人の女性が、余裕を持って静かに話している。
01昼_02_憩いの耳かき_100.wav,期待も,低く落ち着いた声の大人の女性が、余裕を持って静かに話している。
01昼_02_憩いの耳かき_101.wav,という感じです。,低く落ち着いた声の大人の女性が、余裕を持って静かに話している。
01昼_02_憩いの耳かき_102.wav,そうそう、旦那さんはお酒は大丈夫ですか?,低く落ち着いた声の大人の女性が、余裕を持って静かに話している。
01昼_02_憩いの耳かき_103.wav,結構いける口と,低く落ち着いた声の大人の女性が、余裕を持って静かに話している。
01昼_02_憩いの耳かき_104.wav,それならば、今日はいいものをご用意できるかと。夜は肉,低く落ち着いた声の大人の女性が、余裕を持って静かに話している。
01昼_02_憩いの耳かき_105.wav,世界で少々酒盛りを…と言っても、おとなしく、つつましく…,低く落ち着いた声の大人の女性が、余裕を持って静かに話している。
01昼_02_憩いの耳かき_106.wav,ちょっぴりほろ苦い雰囲気で,低く落ち着いた声の大人の女性が、余裕を持って静かに話している。
01昼_02_憩いの耳かき_107.wav,つまりは、オーセンティックバーなムードです。,低く落ち着いた声の大人の女性が、余裕を持って静かに話している。
01昼_02_憩いの耳かき_108.wav,派手に遊ぶのもいいですが旦那さんとなら,低く落ち着いた声の大人の女性が、余裕を持って静かに話している。
01昼_02_憩いの耳かき_109.wav,きっとこの方が…と,低く落ち着いた声の大人の女性が、余裕を持って静かに話している。
01昼_02_憩いの耳かき_110.wav,思いまして、落ち着き、静かな空間を求めてきているのでしたら、きっと気に入ると思います。,低く落ち着いた声の大人の女性が、余裕を持って静かに話している。
01昼_02_憩いの耳かき_111.wav,あ…と…,低く落ち着いた声の大人の女性が、余裕を持って静かに話している。
01昼_02_憩いの耳かき_112.wav,こちらもこんな感じでいいでしょう。旦那さん。,低く落ち着いた声の大人の女性が、余裕を持って静かに話している。
01昼_02_憩いの耳かき_113.wav,耳をかかれ慣れていますね。,低く落ち着いた声の大人の女性が、余裕を持って静かに話している。
01昼_02_憩いの耳かき_114.wav,頭の位置がバッチリすぎますよ,低く落ち着いた声の大人の女性が、余裕を持って静かに話している。
01昼_02_憩いの耳かき_115.wav,そして,低く落ち着いた声の大人の女性が、余裕を持って静かに話している。
01昼_02_憩いの耳かき_116.wav,梵天です。その調子で動かず。,低く落ち着いた声の大人の女性が、余裕を持って静かに話している。
01昼_02_憩いの耳かき_117.wav,ほじほじしやすいようにしていてくださいね,低く落ち着いた声の大人の女性が、余裕を持って静かに話している。
01昼_02_憩いの耳かき_118.wav,はーい,低く落ち着いた声の大人の女性が、余裕を持って静かに話している。
01昼_02_憩いの耳かき_119.wav,うん,低く落ち着いた声の大人の女性が、余裕を持って静かに話している。
01昼_02_憩いの耳かき_125.wav,うん,低く落ち着いた声の大人の女性が、余裕を持って静かに話している。
01昼_02_憩いの耳かき_128.wav,あ,低く落ち着いた声の大人の女性が、余裕を持って静かに話している。
01昼_02_憩いの耳かき_129.wav,うん,低く落ち着いた声の大人の女性が、余裕を持って静かに話している。
01昼_02_憩いの耳かき_132.wav,一人で耳かきするときは,低く落ち着いた声の大人の女性が、余裕を持って静かに話している。
01昼_02_憩いの耳かき_133.wav,この梵天はなんだか毛が残る気がして、強くできないんですよね?,低く落ち着いた声の大人の女性が、余裕を持って静かに話している。
01昼_02_憩いの耳かき_134.wav,人にやるときはそうでもないんですけども。,低く落ち着いた声の大人の女性が、余裕を持って静かに話している。
01昼_02_憩いの耳かき_135.wav,ね?,低く落ち着いた声の大人の女性が、余裕を持って静かに話している。
01昼_02_憩いの耳かき_136.wav,では、仕上げに耳周りを拭きますね。,低く落ち着いた声の大人の女性が、余裕を持って静かに話している。
01昼_02_憩いの耳かき_137.wav,これが特に好きという方もいますが,低く落ち着いた声の大人の女性が、余裕を持って静かに話している。
01昼_02_憩いの耳かき_138.wav,旦那さんはどうでしょうか?,低く落ち着いた声の大人の女性が、余裕を持って静かに話している。
01昼_02_憩いの耳かき_141.wav,もう一回,低く落ち着いた声の大人の女性が、余裕を持って静かに話している。
01昼_02_憩いの耳かき_143.wav,ん,低く落ち着いた声の大人の女性が、余裕を持って静かに話している。
01昼_02_憩いの耳かき_144.wav,終わりました。,低く落ち着いた声の大人の女性が、余裕を持って静かに話している。
01昼_02_憩いの耳かき_145.wav,お疲れ様です。この後はどうしますか?,低く落ち着いた声の大人の女性が、余裕を持って静かに話している。
01昼_02_憩いの耳かき_146.wav,膝枕のままお昼寝してもいいですし。,低く落ち着いた声の大人の女性が、余裕を持って静かに話している。
01昼_02_憩いの耳かき_147.wav,会話をたっぷり続けながら過ごすのもいいですし。,低く落ち着いた声の大人の女性が、余裕を持って静かに話している。
01昼_02_憩いの耳かき_148.wav,あたしのおすすめは?,低く落ち着いた声の大人の女性が、余裕を持って静かに話している。
01昼_02_憩いの耳かき_149.wav,そうですね、少しお昼寝して夜に備えるのがいいと思います。,低く落ち着いた声の大人の女性が、余裕を持って静かに話している。
01昼_02_憩いの耳かき_150.wav,お酒が入ってゆったり時間が流れると,低く落ち着いた声の大人の女性が、余裕を持って静かに話している。
01昼_02_憩いの耳かき_151.wav,どうしても船を漕いでしまいますから。,低く落ち着いた声の大人の女性が、余裕を持って静かに話している。
01昼_02_憩いの耳かき_152.wav,わかりました,低く落ち着いた声の大人の女性が、余裕を持って静かに話している。
01昼_02_憩いの耳かき_153.wav,では、しばらくこのままで。,低く落ち着いた声の大人の女性が、余裕を持って静かに話している。
01昼_02_憩いの耳かき_154.wav,私の事は気にせず,低く落ち着いた声の大人の女性が、余裕を持って静かに話している。
01昼_02_憩いの耳かき_155.wav,おやすみなさい,低く落ち着いた声の大人の女性が、余裕を持って静かに話している。
01昼_02_憩いの耳かき_156.wav,ん?,低く落ち着いた声の大人の女性が、余裕を持って静かに話している。
01昼_02_憩いの耳かき_165.wav,どうしました?,低く落ち着いた声の大人の女性が、余裕を持って静かに話している。
01昼_02_憩いの耳かき_166.wav,手を閉じて、そう。,低く落ち着いた声の大人の女性が、余裕を持って静かに話している。
01昼_02_憩いの耳かき_169.wav,よし,低く落ち着いた声の大人の女性が、余裕を持って静かに話している。
01昼_02_憩いの耳かき_174.wav,よし,低く落ち着いた声の大人の女性が、余裕を持って静かに話している。
01昼_02_憩いの耳かき_176.wav,ご視聴ありがとうございました,低く落ち着いた声の大人の女性が、余裕を持って静かに話している。
01昼_02_煙管と身の上_001.wav,外も寒いですが、うちも寒くなります。,低く落ち着いた声の大人の女性が、余裕を持って静かに話している。
01昼_02_煙管と身の上_002.wav,旦那さん、煙は大丈夫ですか?,低く落ち着いた声の大人の女性が、余裕を持って静かに話している。
01昼_02_煙管と身の上_003.wav,いや私キセルをやっていまして,低く落ち着いた声の大人の女性が、余裕を持って静かに話している。
01昼_02_煙管と身の上_004.wav,もしよろしいのでしたらと,低く落ち着いた声の大人の女性が、余裕を持って静かに話している。
01昼_02_煙管と身の上_005.wav,ありがとうございます,低く落ち着いた声の大人の女性が、余裕を持って静かに話している。
01昼_02_煙管と身の上_006.wav,最近はこういった思考品は敬遠されていますから,低く落ち着いた声の大人の女性が、余裕を持って静かに話している。
01昼_02_煙管と身の上_007.wav,私も無理強いはしませんし,低く落ち着いた声の大人の女性が、余裕を持って静かに話している。
01昼_02_煙管と身の上_008.wav,断りを入れてからでないとできません,低く落ち着いた声の大人の女性が、余裕を持って静かに話している。
01昼_02_煙管と身の上_009.wav,刻み煙草を丸めて,低く落ち着いた声の大人の女性が、余裕を持って静かに話している。
01昼_02_煙管と身の上_010.wav,眼首の火皿に詰める,低く落ち着いた声の大人の女性が、余裕を持って静かに話している。
01昼_02_煙管と身の上_011.wav,囲炉裏の炭火を拝借して,低く落ち着いた声の大人の女性が、余裕を持って静かに話している。
01昼_02_煙管と身の上_012.wav,火をつけ、そして,低く落ち着いた声の大人の女性が、余裕を持って静かに話している。
01昼_02_煙管と身の上_013.wav,ゆっくり吸う,低く落ち着いた声の大人の女性が、余裕を持って静かに話している。
01昼_02_煙管と身の上_014.wav,はぁー,低く落ち着いた声の大人の女性が、余裕を持って静かに話している。
01昼_02_煙管と身の上_015.wav,落ち着きました 着せる珍しいですよね,低く落ち着いた声の大人の女性が、余裕を持って静かに話している。
01昼_02_煙管と身の上_016.wav,もちろん、そうした好奇の目を向けられるために知っていたりもしますが。,低く落ち着いた声の大人の女性が、余裕を持って静かに話している。
01昼_02_煙管と身の上_017.wav,昔,低く落ち着いた声の大人の女性が、余裕を持って静かに話している。
01昼_02_煙管と身の上_018.wav,私をお世話してくれた人が吸っていました。,低く落ち着いた声の大人の女性が、余裕を持って静かに話している。
01昼_02_煙管と身の上_019.wav,いろんな所作、言動、なんだかんだと,低く落ち着いた声の大人の女性が、余裕を持って静かに話している。
01昼_02_煙管と身の上_020.wav,1から10までお仕事のことを全部教えてくれた人,低く落ち着いた声の大人の女性が、余裕を持って静かに話している。
01昼_02_煙管と身の上_021.wav,その人が知っていまして、自然と。,低く落ち着いた声の大人の女性が、余裕を持って静かに話している。
01昼_02_煙管と身の上_022.wav,憧れになったんですそして気がつけば監修となり,低く落ち着いた声の大人の女性が、余裕を持って静かに話している。
01昼_02_煙管と身の上_023.wav,私の体の一部となったというわけです,低く落ち着いた声の大人の女性が、余裕を持って静かに話している。
01昼_02_煙管と身の上_025.wav,煙、体に悪いですからね。,低く落ち着いた声の大人の女性が、余裕を持って静かに話している。
01昼_02_煙管と身の上_026.wav,匂いも染み付いちゃって。これだけで人様から嫌われる要素になることは重々承知していますが。,低く落ち着いた声の大人の女性が、余裕を持って静かに話している。
01昼_02_煙管と身の上_027.wav,長年培ってきた趣味の一部を鶴の一声でやめることなんてできませんからね,低く落ち着いた声の大人の女性が、余裕を持って静かに話している。
01昼_02_煙管と身の上_028.wav,でも苦手なら遠慮せずに言ってください,低く落ち着いた声の大人の女性が、余裕を持って静かに話している。
01昼_02_煙管と身の上_031.wav,でも雰囲気を感じて,低く落ち着いた声の大人の女性が、余裕を持って静かに話している。
01昼_02_煙管と身の上_032.wav,昔あったであろう様々なことに情景の念を抱き,低く落ち着いた声の大人の女性が、余裕を持って静かに話している。
01昼_02_煙管と身の上_033.wav,ここに来られる方が多数ですから。,低く落ち着いた声の大人の女性が、余裕を持って静かに話している。
01昼_02_煙管と身の上_034.wav,このお宿とキセルはバッチリ合ってる,低く落ち着いた声の大人の女性が、余裕を持って静かに話している。
01昼_02_煙管と身の上_035.wav,思いませんか?まあ、自分勝手な解釈でいいようにと考えた結果ではありますけど,低く落ち着いた声の大人の女性が、余裕を持って静かに話している。
01昼_02_煙管と身の上_036.wav,ああそうだ,低く落ち着いた声の大人の女性が、余裕を持って静かに話している。
01昼_02_煙管と身の上_037.wav,旦那さんは私と初めてということで,低く落ち着いた声の大人の女性が、余裕を持って静かに話している。
01昼_02_煙管と身の上_038.wav,一体全体何者なんだと気になっては,低く落ち着いた声の大人の女性が、余裕を持って静かに話している。
01昼_02_煙管と身の上_039.wav,いませんか?いますよね?,低く落ち着いた声の大人の女性が、余裕を持って静かに話している。
01昼_02_煙管と身の上_040.wav,親戸のいろんな子からポツポツと聞いてはいると思うのですが,低く落ち着いた声の大人の女性が、余裕を持って静かに話している。
01昼_02_煙管と身の上_041.wav,この宿で学んで、遠くで仕事して帰ってきたりする子は多いんですよ。,低く落ち着いた声の大人の女性が、余裕を持って静かに話している。
01昼_02_煙管と身の上_042.wav,入れ替わり、立ち替わり。長く滞在する子もたまにはいますけど。,低く落ち着いた声の大人の女性が、余裕を持って静かに話している。
01昼_02_煙管と身の上_043.wav,私は外の世界を見たくなって,低く落ち着いた声の大人の女性が、余裕を持って静かに話している。
01昼_02_煙管と身の上_044.wav,飛び出しちゃいました,低く落ち着いた声の大人の女性が、余裕を持って静かに話している。
01昼_02_煙管と身の上_045.wav,燃え尽きて煙がなくなりましたから,低く落ち着いた声の大人の女性が、余裕を持って静かに話している。
01昼_02_煙管と身の上_046.wav,タバコ盆の縁で灰を落とす。,低く落ち着いた声の大人の女性が、余裕を持って静かに話している。
01昼_02_煙管と身の上_047.wav,だいたい1回で3から4口吸えます,低く落ち着いた声の大人の女性が、余裕を持って静かに話している。
01昼_02_煙管と身の上_048.wav,続けてずっと吸いたい場合は、刻みを連動すればできますが、,低く落ち着いた声の大人の女性が、余裕を持って静かに話している。
01昼_02_煙管と身の上_049.wav,この一連の動作が私は好きなんですよね,低く落ち着いた声の大人の女性が、余裕を持って静かに話している。
01昼_02_煙管と身の上_050.wav,あ、話の腰を折っちゃいましたねそう、外の世界を見たくなったんです,低く落ち着いた声の大人の女性が、余裕を持って静かに話している。
01昼_02_煙管と身の上_051.wav,小さな田舎町で収まる器じゃないと,低く落ち着いた声の大人の女性が、余裕を持って静かに話している。
01昼_02_煙管と身の上_052.wav,若い頃は血気に流行っていましたから。,低く落ち着いた声の大人の女性が、余裕を持って静かに話している。
01昼_02_煙管と身の上_053.wav,停滞を嫌い、変化を求め,低く落ち着いた声の大人の女性が、余裕を持って静かに話している。
01昼_02_煙管と身の上_054.wav,より刺激の強い方へ向かってしまう,低く落ち着いた声の大人の女性が、余裕を持って静かに話している。
01昼_02_煙管と身の上_055.wav,楽観的に物事を考え,低く落ち着いた声の大人の女性が、余裕を持って静かに話している。
01昼_02_煙管と身の上_056.wav,全て万事うまくいくはずと信じて疑わない,低く落ち着いた声の大人の女性が、余裕を持って静かに話している。
01昼_02_煙管と身の上_057.wav,胸がすくほど、ずぶとく、せんぱくな時期。,低く落ち着いた声の大人の女性が、余裕を持って静かに話している。
01昼_02_煙管と身の上_058.wav,万能感を得て自分は人と違う特別な存在だという考えに支配され,低く落ち着いた声の大人の女性が、余裕を持って静かに話している。
01昼_02_煙管と身の上_059.wav,そして壁にぶつかり,低く落ち着いた声の大人の女性が、余裕を持って静かに話している。
01昼_02_煙管と身の上_060.wav,現実を知る。,低く落ち着いた声の大人の女性が、余裕を持って静かに話している。
01昼_02_煙管と身の上_061.wav,いい経験にはなったと思います,低く落ち着いた声の大人の女性が、余裕を持って静かに話している。
01昼_02_煙管と身の上_062.wav,そして、いろいろあって,低く落ち着いた声の大人の女性が、余裕を持って静かに話している。
01昼_02_煙管と身の上_063.wav,戻ってきたんです私を育ててくれた人はもういませんが,低く落ち着いた声の大人の女性が、余裕を持って静かに話している。
01昼_02_煙管と身の上_064.wav,私がその人の代わりに、ということではないんですが。,低く落ち着いた声の大人の女性が、余裕を持って静かに話している。
01昼_02_煙管と身の上_065.wav,覚えたことや聞いたこと,低く落ち着いた声の大人の女性が、余裕を持って静かに話している。
01昼_02_煙管と身の上_066.wav,世の中のこと、いいことばかりじゃないんだよってことも含めて。,低く落ち着いた声の大人の女性が、余裕を持って静かに話している。
01昼_02_煙管と身の上_067.wav,伝えていければと思いましてまあなんだかんだと理由をつけましたが,低く落ち着いた声の大人の女性が、余裕を持って静かに話している。
01昼_02_煙管と身の上_068.wav,一番は距離が恋しくなったからです旦那さんもそうした気持ちになったことはありますか?,低く落ち着いた声の大人の女性が、余裕を持って静かに話している。
01昼_02_煙管と身の上_070.wav,時の流れが速く感じて,低く落ち着いた声の大人の女性が、余裕を持って静かに話している。
01昼_02_煙管と身の上_071.wav,心の残る思い出に浸ることが多くなり,低く落ち着いた声の大人の女性が、余裕を持って静かに話している。
01昼_02_煙管と身の上_072.wav,次第に引き寄せられていく,低く落ち着いた声の大人の女性が、余裕を持って静かに話している。
01昼_02_煙管と身の上_073.wav,何をして、何を求め,低く落ち着いた声の大人の女性が、余裕を持って静かに話している。
01昼_02_煙管と身の上_074.wav,なんのためにどうしてなんてことを一人だと考えちゃってぐちゃぐちゃになった考えとうっくつした,低く落ち着いた声の大人の女性が、余裕を持って静かに話している。
01昼_02_煙管と身の上_075.wav,もやもやを晴らしたくなりました,低く落ち着いた声の大人の女性が、余裕を持って静かに話している。
01昼_02_煙管と身の上_077.wav,それも一つの理由,低く落ち着いた声の大人の女性が、余裕を持って静かに話している。
01昼_02_煙管と身の上_078.wav,少し偉くなって自分の常識の無さを自尊心で埋めるようなことをしたり,低く落ち着いた声の大人の女性が、余裕を持って静かに話している。
01昼_02_煙管と身の上_079.wav,後で気がついて自己嫌悪になったり,低く落ち着いた声の大人の女性が、余裕を持って静かに話している。
01昼_02_煙管と身の上_080.wav,理屈より感情を優先すると、思いがけない迷惑を周囲にかけたり。,低く落ち着いた声の大人の女性が、余裕を持って静かに話している。
01昼_02_煙管と身の上_082.wav,あ、なんだかめんどくさそうな人かもと思いましたか?今は大丈夫ですよ,低く落ち着いた声の大人の女性が、余裕を持って静かに話している。
01昼_02_煙管と身の上_083.wav,今は酸いも甘いも噛み分けた結果,低く落ち着いた声の大人の女性が、余裕を持って静かに話している。
01昼_02_煙管と身の上_084.wav,こうしてここにいますからね。なので、,低く落ち着いた声の大人の女性が、余裕を持って静かに話している。
01昼_02_煙管と身の上_085.wav,帰ってきて最初のお客さんの旦那さんには,低く落ち着いた声の大人の女性が、余裕を持って静かに話している。
01昼_02_煙管と身の上_087.wav,忘れられないタイム,低く落ち着いた声の大人の女性が、余裕を持って静かに話している。
01昼_02_煙管と身の上_088.wav,私も雰囲気を作りますので旦那さんも目一杯雰囲気を作ってください,低く落ち着いた声の大人の女性が、余裕を持って静かに話している。
01昼_02_煙管と身の上_089.wav,どこよいは心にしみるひと夜になると思いますから。,低く落ち着いた声の大人の女性が、余裕を持って静かに話している。
01昼_02_煙管と身の上_091.wav,雨、せっかくの雨ですから、ここは…,低く落ち着いた声の大人の女性が、余裕を持って静かに話している。
01昼_02_煙管と身の上_092.wav,耳かきではなく,低く落ち着いた声の大人の女性が、余裕を持って静かに話している。
01昼_02_煙管と身の上_093.wav,ゆったりと私のお話にお付き合いください,低く落ち着いた声の大人の女性が、余裕を持って静かに話している。
01昼_02_煙管と身の上_094.wav,話すだけでなくいろいろとやりつつ,低く落ち着いた声の大人の女性が、余裕を持って静かに話している。
01昼_02_煙管と身の上_095.wav,ですけどね,低く落ち着いた声の大人の女性が、余裕を持って静かに話している。
01昼_03_怪談_001.wav,旦那さんは濡れ女,低く落ち着いた声の大人の女性が、余裕を持って静かに話している。
01昼_03_怪談_002.wav,という妖怪をご存知ですか?,低く落ち着いた声の大人の女性が、余裕を持って静かに話している。
01昼_03_怪談_003.wav,濡れ女子とも言われています,低く落ち着いた声の大人の女性が、余裕を持って静かに話している。
01昼_03_怪談_004.wav,知らないのはいいことです,低く落ち着いた声の大人の女性が、余裕を持って静かに話している。
01昼_03_怪談_005.wav,知っていたら楽しみが半減どころかゼロになっていましたからね。,低く落ち着いた声の大人の女性が、余裕を持って静かに話している。
01昼_03_怪談_006.wav,たとえ知っていたとしても。,低く落ち着いた声の大人の女性が、余裕を持って静かに話している。
01昼_03_怪談_007.wav,知らないふりをした方がいいです。,低く落ち着いた声の大人の女性が、余裕を持って静かに話している。
01昼_03_怪談_008.wav,その方が,低く落ち着いた声の大人の女性が、余裕を持って静かに話している。
01昼_03_怪談_009.wav,いい方に転ぶことが多いですから,低く落ち着いた声の大人の女性が、余裕を持って静かに話している。
01昼_03_怪談_010.wav,臨場感を出すために,低く落ち着いた声の大人の女性が、余裕を持って静かに話している。
01昼_03_怪談_011.wav,後ろから失礼しますね。その方が。,低く落ち着いた声の大人の女性が、余裕を持って静かに話している。
01昼_03_怪談_012.wav,右に左にと動きやすいですから,低く落ち着いた声の大人の女性が、余裕を持って静かに話している。
01昼_03_怪談_016.wav,後ろから抱きついて密着,低く落ち着いた声の大人の女性が、余裕を持って静かに話している。
01昼_03_怪談_017.wav,旦那さんのお体に触ること,低く落ち着いた声の大人の女性が、余裕を持って静かに話している。
01昼_03_怪談_018.wav,許してくださいね。昔々。,低く落ち着いた声の大人の女性が、余裕を持って静かに話している。
01昼_03_怪談_019.wav,ある商人が小川近くで休んでいました。,低く落ち着いた声の大人の女性が、余裕を持って静かに話している。
01昼_03_怪談_020.wav,季節は今のように梅雨。,低く落ち着いた声の大人の女性が、余裕を持って静かに話している。
01昼_03_怪談_021.wav,ですが珍しく晴れ渡り,低く落ち着いた声の大人の女性が、余裕を持って静かに話している。
01昼_03_怪談_022.wav,夕日は小川を照らし、黄金色に輝いていました。,低く落ち着いた声の大人の女性が、余裕を持って静かに話している。
01昼_03_怪談_023.wav,周囲の景色も夕日とともに少しずつ変わり,低く落ち着いた声の大人の女性が、余裕を持って静かに話している。
01昼_03_怪談_024.wav,商人は景色に見とれておりました,低く落ち着いた声の大人の女性が、余裕を持って静かに話している。
01昼_03_怪談_025.wav,ぼーっとまどろんでいると,低く落ち着いた声の大人の女性が、余裕を持って静かに話している。
01昼_03_怪談_026.wav,だんだんと雲がかかり、,低く落ち着いた声の大人の女性が、余裕を持って静かに話している。
01昼_03_怪談_027.wav,雨模様に商人は急いで立ち上がり、帰りを急ぎました。,低く落ち着いた声の大人の女性が、余裕を持って静かに話している。
01昼_03_怪談_028.wav,すると、目の前に,低く落ち着いた声の大人の女性が、余裕を持って静かに話している。
01昼_03_怪談_029.wav,若いずぶ濡れの女が佇んでいました,低く落ち着いた声の大人の女性が、余裕を持って静かに話している。
01昼_03_怪談_030.wav,あでやかな着物を身にまとい,低く落ち着いた声の大人の女性が、余裕を持って静かに話している。
01昼_03_怪談_031.wav,鳥と濡れた髪を,低く落ち着いた声の大人の女性が、余裕を持って静かに話している。
01昼_03_怪談_032.wav,長くたらし、年は,低く落ち着いた声の大人の女性が、余裕を持って静かに話している。
01昼_03_怪談_033.wav,二十半ば、商人はぎょっとしましたが、,低く落ち着いた声の大人の女性が、余裕を持って静かに話している。
01昼_03_怪談_034.wav,放っておけません。近づくと。,低く落ち着いた声の大人の女性が、余裕を持って静かに話している。
01昼_03_怪談_035.wav,私はこの先の町から来ました遊女でございます,低く落ち着いた声の大人の女性が、余裕を持って静かに話している。
01昼_03_怪談_036.wav,私の恋人が山奥の村にいると聞いてまいりました。,低く落ち着いた声の大人の女性が、余裕を持って静かに話している。
01昼_03_怪談_037.wav,その人に会いたい一年から、はるばる歩いてきたのです。,低く落ち着いた声の大人の女性が、余裕を持って静かに話している。
01昼_03_怪談_038.wav,商人は息を呑みました,低く落ち着いた声の大人の女性が、余裕を持って静かに話している。
01昼_03_怪談_039.wav,この先の街は一日で歩いて来られる距離ではないことを。,低く落ち着いた声の大人の女性が、余裕を持って静かに話している。
01昼_03_怪談_040.wav,知っていたからです。女は語りながら、,低く落ち着いた声の大人の女性が、余裕を持って静かに話している。
01昼_03_怪談_041.wav,商人に近づきますこの先の道がわからず,低く落ち着いた声の大人の女性が、余裕を持って静かに話している。
01昼_03_怪談_042.wav,身も心も疲れ切ってしまいました,低く落ち着いた声の大人の女性が、余裕を持って静かに話している。
01昼_03_怪談_043.wav,どうか…どうか…,低く落ち着いた声の大人の女性が、余裕を持って静かに話している。
01昼_03_怪談_044.wav,案内してくれませんかどうか合わせてくれませんか,低く落ち着いた声の大人の女性が、余裕を持って静かに話している。
01昼_03_怪談_045.wav,女は商人に絡まり,低く落ち着いた声の大人の女性が、余裕を持って静かに話している。
01昼_03_怪談_046.wav,物欲しげに顔を近づけます,低く落ち着いた声の大人の女性が、余裕を持って静かに話している。
01昼_03_怪談_047.wav,今のあたしと旦那さんの,低く落ち着いた声の大人の女性が、余裕を持って静かに話している。
01昼_03_怪談_048.wav,ですが,低く落ち着いた声の大人の女性が、余裕を持って静かに話している。
01昼_03_怪談_049.wav,女の顔を見ると仰天し、,低く落ち着いた声の大人の女性が、余裕を持って静かに話している。
01昼_03_怪談_050.wav,あわててみをときにげだしました,低く落ち着いた声の大人の女性が、余裕を持って静かに話している。
01昼_03_怪談_051.wav,ですが、女は妖怪などではなく、,低く落ち着いた声の大人の女性が、余裕を持って静かに話している。
01昼_03_怪談_052.wav,本物の女でした。女は疲れ果て、,低く落ち着いた声の大人の女性が、余裕を持って静かに話している。
01昼_03_怪談_053.wav,川近くの祠に身を寄せました,低く落ち着いた声の大人の女性が、余裕を持って静かに話している。
01昼_03_怪談_054.wav,降りしきる雨。女は、,低く落ち着いた声の大人の女性が、余裕を持って静かに話している。
01昼_03_怪談_055.wav,体も衰えて、祠近くの松の根を枕に。,低く落ち着いた声の大人の女性が、余裕を持って静かに話している。
01昼_03_怪談_056.wav,雨に濡れたまま、恋したう人の名を呼び続けた。,低く落ち着いた声の大人の女性が、余裕を持って静かに話している。
01昼_03_怪談_057.wav,死んでゆきました女が愛した男を,低く落ち着いた声の大人の女性が、余裕を持って静かに話している。
01昼_03_怪談_058.wav,ただの嘘つきで、優女である女の気を引くために、,低く落ち着いた声の大人の女性が、余裕を持って静かに話している。
01昼_03_怪談_059.wav,大変相互を重ねていましたその話を信じた女は,低く落ち着いた声の大人の女性が、余裕を持って静かに話している。
01昼_03_怪談_060.wav,男についていくと決意し、,低く落ち着いた声の大人の女性が、余裕を持って静かに話している。
01昼_03_怪談_061.wav,足抜けしようとしました男は,低く落ち着いた声の大人の女性が、余裕を持って静かに話している。
01昼_03_怪談_062.wav,嘘を暴かれるのを恐れ、でたらめの場所を女に伝え、,低く落ち着いた声の大人の女性が、余裕を持って静かに話している。
01昼_03_怪談_063.wav,そこで落ち会おうとしました。女は信じ、,低く落ち着いた声の大人の女性が、余裕を持って静かに話している。
01昼_03_怪談_064.wav,幽覚を抜け出しひたすら歩き,低く落ち着いた声の大人の女性が、余裕を持って静かに話している。
01昼_03_怪談_065.wav,到着しないまま雨に打たれ,低く落ち着いた声の大人の女性が、余裕を持って静かに話している。
01昼_03_怪談_066.wav,果てていきましたそれからというもの,低く落ち着いた声の大人の女性が、余裕を持って静かに話している。
01昼_03_怪談_067.wav,松の木の近くでは、夕刻に一人でいると。,低く落ち着いた声の大人の女性が、余裕を持って静かに話している。
01昼_03_怪談_068.wav,濡れた女に道を聞かれ,低く落ち着いた声の大人の女性が、余裕を持って静かに話している。
01昼_03_怪談_069.wav,嘘を言うと殺されてしまうという噂が出るようになりました。,低く落ち着いた声の大人の女性が、余裕を持って静かに話している。
01昼_03_怪談_070.wav,さ,低く落ち着いた声の大人の女性が、余裕を持って静かに話している。
01昼_03_怪談_071.wav,ちなみに、その松の木を折ると、,低く落ち着いた声の大人の女性が、余裕を持って静かに話している。
01昼_03_怪談_072.wav,血が出てくるのだとか、女の。,低く落ち着いた声の大人の女性が、余裕を持って静かに話している。
01昼_03_怪談_073.wav,男を慕う熱い血の滲みだと言われているそう。,低く落ち着いた声の大人の女性が、余裕を持って静かに話している。
01昼_03_怪談_074.wav,ふふふ,低く落ち着いた声の大人の女性が、余裕を持って静かに話している。
01昼_03_怪談_075.wav,たとえ気を引くためだとしても,低く落ち着いた声の大人の女性が、余裕を持って静かに話している。
01昼_03_怪談_076.wav,嘘はダメですよね、旦那さん。,低く落ち着いた声の大人の女性が、余裕を持って静かに話している。
01昼_03_怪談_077.wav,旦那さんはそんな悪い人には見えませんから。,低く落ち着いた声の大人の女性が、余裕を持って静かに話している。
01昼_03_怪談_078.wav,本当のことを言っているのだと思いますが,低く落ち着いた声の大人の女性が、余裕を持って静かに話している。
01昼_03_怪談_079.wav,もしそうした嘘をついていたのだとしましたら,低く落ち着いた声の大人の女性が、余裕を持って静かに話している。
01昼_03_怪談_080.wav,こうして化けて現れるかも。,低く落ち着いた声の大人の女性が、余裕を持って静かに話している。
01昼_03_怪談_081.wav,知れませんよ,低く落ち着いた声の大人の女性が、余裕を持って静かに話している。
01昼_03_怪談_082.wav,それに、すでに嘘を言っているのでしたら。,低く落ち着いた声の大人の女性が、余裕を持って静かに話している。
01昼_03_怪談_083.wav,今ここで白状してしまったほうが,低く落ち着いた声の大人の女性が、余裕を持って静かに話している。
01昼_03_怪談_084.wav,身のためかもしれません,低く落ち着いた声の大人の女性が、余裕を持って静かに話している。
01昼_03_怪談_085.wav,そういうお人には見えませんし,低く落ち着いた声の大人の女性が、余裕を持って静かに話している。
01昼_03_怪談_086.wav,もしそうだとしたら、他の宿の子も勘づいています。,低く落ち着いた声の大人の女性が、余裕を持って静かに話している。
01昼_03_怪談_087.wav,なので、このお話はただの気遊でしかありません。,低く落ち着いた声の大人の女性が、余裕を持って静かに話している。
01昼_03_怪談_088.wav,ええ、信用できるお方だと信じていました。,低く落ち着いた声の大人の女性が、余裕を持って静かに話している。
01昼_03_怪談_089.wav,心臓の鼓動も平静でしたし,低く落ち着いた声の大人の女性が、余裕を持って静かに話している。
01昼_03_怪談_090.wav,密着するとわかるんですよ,低く落ち着いた声の大人の女性が、余裕を持って静かに話している。
01昼_03_怪談_091.wav,そういうことですので,低く落ち着いた声の大人の女性が、余裕を持って静かに話している。
01昼_03_怪談_092.wav,私が言いたいことは、嘘ではない真心を持って伝えたい。,低く落ち着いた声の大人の女性が、余裕を持って静かに話している。
01昼_03_怪談_093.wav,それは構わないということです。,低く落ち着いた声の大人の女性が、余裕を持って静かに話している。
01昼_03_怪談_094.wav,今夜限りだとした,低く落ち着いた声の大人の女性が、余裕を持って静かに話している。
01昼_03_怪談_095.wav,行為は本物として言葉にすれば,低く落ち着いた声の大人の女性が、余裕を持って静かに話している。
01昼_03_怪談_096.wav,それはもう、素敵な始まりです。,低く落ち着いた声の大人の女性が、余裕を持って静かに話している。
01昼_03_怪談_097.wav,ん,低く落ち着いた声の大人の女性が、余裕を持って静かに話している。
01昼_03_怪談_098.wav,ん,低く落ち着いた声の大人の女性が、余裕を持って静かに話している。
01昼_03_怪談_099.wav,うん,低く落ち着いた声の大人の女性が、余裕を持って静かに話している。
01昼_03_怪談_101.wav,はぁ、はぁ…,低く落ち着いた声の大人の女性が、余裕を持って静かに話している。
01昼_03_怪談_102.wav,うん,低く落ち着いた声の大人の女性が、余裕を持って静かに話している。
01昼_03_怪談_103.wav,ご視聴ありがとうございました,低く落ち着いた声の大人の女性が、余裕を持って静かに話している。
01昼_03_怪談_104.wav,ご視聴ありがとうございました,低く落ち着いた声の大人の女性が、余裕を持って静かに話している。
01昼_03_怪談_108.wav,プシュッ,低く落ち着いた声の大人の女性が、余裕を持って静かに話している。
01昼_03_怪談_111.wav,うん,低く落ち着いた声の大人の女性が、余裕を持って静かに話している。
01昼_03_怪談_112.wav,前触れもなく,低く落ち着いた声の大人の女性が、余裕を持って静かに話している。
01昼_03_怪談_113.wav,こういったことをされると、次への期待が高まりません。,低く落ち着いた声の大人の女性が、余裕を持って静かに話している。
01昼_03_怪談_114.wav,その期待を超えていきたい。,低く落ち着いた声の大人の女性が、余裕を持って静かに話している。
01昼_03_怪談_115.wav,常々私は思っていました,低く落ち着いた声の大人の女性が、余裕を持って静かに話している。
01昼_03_怪談_116.wav,私の旦那,低く落ち着いた声の大人の女性が、余裕を持って静かに話している。
01昼_03_怪談_117.wav,誰のものでもなくしだけの棚,低く落ち着いた声の大人の女性が、余裕を持って静かに話している。
01昼_03_怪談_118.wav,だから,低く落ち着いた声の大人の女性が、余裕を持って静かに話している。
01昼_03_怪談_119.wav,もっと親密に歯が化けて出ないように,低く落ち着いた声の大人の女性が、余裕を持って静かに話している。
01昼_03_怪談_120.wav,旦那さんも私のことを…,低く落ち着いた声の大人の女性が、余裕を持って静かに話している。
01昼_03_怪談_121.wav,悶えさせてくださいね。,低く落ち着いた声の大人の女性が、余裕を持って静かに話している。
01昼_03_怪談_125.wav,ん,低く落ち着いた声の大人の女性が、余裕を持って静かに話している。
01昼_03_怪談_129.wav,ん?,低く落ち着いた声の大人の女性が、余裕を持って静かに話している。
01昼_03_怪談_133.wav,ん?,低く落ち着いた声の大人の女性が、余裕を持って静かに話している。
01昼_03_怪談_134.wav,まだ夕方です。続きは夜に。,低く落ち着いた声の大人の女性が、余裕を持って静かに話している。
01昼_03_怪談_135.wav,期待が高まりましたよね,低く落ち着いた声の大人の女性が、余裕を持って静かに話している。
01昼_03_怪談_136.wav,それが狙いです。夜は冷えますから。,低く落ち着いた声の大人の女性が、余裕を持って静かに話している。
01昼_03_怪談_137.wav,囲炉裏の火はそのまま、電気は…,低く落ち着いた声の大人の女性が、余裕を持って静かに話している。
01昼_03_怪談_138.wav,消しておいてください,低く落ち着いた声の大人の女性が、余裕を持って静かに話している。
01昼_03_怪談_139.wav,ふりながくし,低く落ち着いた声の大人の女性が、余裕を持って静かに話している。
01昼_03_怪談_140.wav,一人とした忘れられない夜になるはずです。,低く落ち着いた声の大人の女性が、余裕を持って静かに話している。
01昼_03_怪談_141.wav,それでは旦那さん、参ります。,低く落ち着いた声の大人の女性が、余裕を持って静かに話している。
01昼_03_怪談_142.wav,おわり,低く落ち着いた声の大人の女性が、余裕を持って静かに話している。
02夜_01_上冬の好誼_001.wav,いらっしゃい、旦那さん。お食事にお風呂も終えたところで。,低く落ち着いた声の大人の女性が、余裕を持って静かに話している。
02夜_01_上冬の好誼_002.wav,こちらでいっぱい,低く落ち着いた声の大人の女性が、余裕を持って静かに話している。
02夜_01_上冬の好誼_003.wav,見ての通り準備は万端整っていますよ,低く落ち着いた声の大人の女性が、余裕を持って静かに話している。
02夜_01_上冬の好誼_004.wav,お酒はいろいろありますが。,低く落ち着いた声の大人の女性が、余裕を持って静かに話している。
02夜_01_上冬の好誼_005.wav,おすすめはウイスキー。,低く落ち着いた声の大人の女性が、余裕を持って静かに話している。
02夜_01_上冬の好誼_006.wav,銘柄はこれ。,低く落ち着いた声の大人の女性が、余裕を持って静かに話している。
02夜_01_上冬の好誼_007.wav,私のお気に入り。だからきっと旦那さんも好きになる。,低く落ち着いた声の大人の女性が、余裕を持って静かに話している。
02夜_01_上冬の好誼_008.wav,飲み方はオンザロック,低く落ち着いた声の大人の女性が、余裕を持って静かに話している。
02夜_01_上冬の好誼_009.wav,味の変化を楽しみつつ,低く落ち着いた声の大人の女性が、余裕を持って静かに話している。
02夜_01_上冬の好誼_010.wav,ゆったりと飲んでいきましょう,低く落ち着いた声の大人の女性が、余裕を持って静かに話している。
02夜_01_上冬の好誼_011.wav,今夜ですよ,低く落ち着いた声の大人の女性が、余裕を持って静かに話している。
02夜_01_上冬の好誼_012.wav,どうぞそれでは旦那さん,低く落ち着いた声の大人の女性が、余裕を持って静かに話している。
02夜_01_上冬の好誼_013.wav,二度目の出会いに乾杯,低く落ち着いた声の大人の女性が、余裕を持って静かに話している。
02夜_01_上冬の好誼_016.wav,チェイサーはこちらに 私に合わせず無理しない範囲で大丈夫ですからね,低く落ち着いた声の大人の女性が、余裕を持って静かに話している。
02夜_01_上冬の好誼_017.wav,私はお酒には慣れてしまって,低く落ち着いた声の大人の女性が、余裕を持って静かに話している。
02夜_01_上冬の好誼_018.wav,いいのか悪いのか,低く落ち着いた声の大人の女性が、余裕を持って静かに話している。
02夜_01_上冬の好誼_019.wav,でも,低く落ち着いた声の大人の女性が、余裕を持って静かに話している。
02夜_01_上冬の好誼_020.wav,幸せ、こうして満足しながら,低く落ち着いた声の大人の女性が、余裕を持って静かに話している。
02夜_01_上冬の好誼_021.wav,好きなお酒が飲めて力を抜いて,低く落ち着いた声の大人の女性が、余裕を持って静かに話している。
02夜_01_上冬の好誼_022.wav,リラックスできる幸せですよ,低く落ち着いた声の大人の女性が、余裕を持って静かに話している。
02夜_01_上冬の好誼_024.wav,お昼にも愚痴ってしまいましたが,低く落ち着いた声の大人の女性が、余裕を持って静かに話している。
02夜_01_上冬の好誼_025.wav,こういった機会はなかなかえがたく。,低く落ち着いた声の大人の女性が、余裕を持って静かに話している。
02夜_01_上冬の好誼_026.wav,だからこそ、貴重で幸せに思っちゃうんです。,低く落ち着いた声の大人の女性が、余裕を持って静かに話している。
02夜_01_上冬の好誼_027.wav,お酒に煙、時代に取り残されていくだけの嗜好品。,低く落ち着いた声の大人の女性が、余裕を持って静かに話している。
02夜_01_上冬の好誼_028.wav,ですが、私はこれらが…,低く落ち着いた声の大人の女性が、余裕を持って静かに話している。
02夜_01_上冬の好誼_029.wav,どうしようもなく愛おしく,低く落ち着いた声の大人の女性が、余裕を持って静かに話している。
02夜_01_上冬の好誼_030.wav,好きなんです。私がひどく傷ついた時も。,低く落ち着いた声の大人の女性が、余裕を持って静かに話している。
02夜_01_上冬の好誼_031.wav,幸せだと思って浮かれていた時も,低く落ち着いた声の大人の女性が、余裕を持って静かに話している。
02夜_01_上冬の好誼_032.wav,全部を失って、やけになった時も,低く落ち着いた声の大人の女性が、余裕を持って静かに話している。
02夜_01_上冬の好誼_033.wav,そばにあったのは、この二つ。,低く落ち着いた声の大人の女性が、余裕を持って静かに話している。
02夜_01_上冬の好誼_034.wav,これだけ聞くとずいぶんと荒れた生き方をしてきたみたいになっちゃいますね,低く落ち着いた声の大人の女性が、余裕を持って静かに話している。
02夜_01_上冬の好誼_035.wav,ありてに言えば,低く落ち着いた声の大人の女性が、余裕を持って静かに話している。
02夜_01_上冬の好誼_036.wav,人付き合いがずっと,低く落ち着いた声の大人の女性が、余裕を持って静かに話している。
02夜_01_上冬の好誼_037.wav,下手くそだったんですよ。他人の意見を大事にしすぎて流されて。,低く落ち着いた声の大人の女性が、余裕を持って静かに話している。
02夜_01_上冬の好誼_038.wav,自分を大事にしなかった時期が長かったんです,低く落ち着いた声の大人の女性が、余裕を持って静かに話している。
02夜_01_上冬の好誼_039.wav,ずいぶんと遠回りしちゃいましたね,低く落ち着いた声の大人の女性が、余裕を持って静かに話している。
02夜_01_上冬の好誼_040.wav,やっと最近気づいたんですよ,低く落ち着いた声の大人の女性が、余裕を持って静かに話している。
02夜_01_上冬の好誼_041.wav,周りの目を気にせず、自分が自分を好きでいられることが…,低く落ち着いた声の大人の女性が、余裕を持って静かに話している。
02夜_01_上冬の好誼_042.wav,どんなに幸せなことだろうと,低く落ち着いた声の大人の女性が、余裕を持って静かに話している。
02夜_01_上冬の好誼_043.wav,ん,低く落ち着いた声の大人の女性が、余裕を持って静かに話している。
02夜_01_上冬の好誼_045.wav,自分を愛してあげること,低く落ち着いた声の大人の女性が、余裕を持って静かに話している。
02夜_01_上冬の好誼_046.wav,一番自分と向き合っていたのは,低く落ち着いた声の大人の女性が、余裕を持って静かに話している。
02夜_01_上冬の好誼_047.wav,他の誰でもなく、私自身だったんです。,低く落ち着いた声の大人の女性が、余裕を持って静かに話している。
02夜_01_上冬の好誼_048.wav,様々なことで振り回して,低く落ち着いた声の大人の女性が、余裕を持って静かに話している。
02夜_01_上冬の好誼_049.wav,振り回されました人を妬んで,低く落ち着いた声の大人の女性が、余裕を持って静かに話している。
02夜_01_上冬の好誼_050.wav,うらやんで、なんでこんな気持ちになるんだろうって考えてた時に、,低く落ち着いた声の大人の女性が、余裕を持って静かに話している。
02夜_01_上冬の好誼_051.wav,なんとなくこうかなと思ったことがあるんですよ,低く落ち着いた声の大人の女性が、余裕を持って静かに話している。
02夜_01_上冬の好誼_052.wav,決断でした,低く落ち着いた声の大人の女性が、余裕を持って静かに話している。
02夜_01_上冬の好誼_053.wav,旦那さんは何かを決断するとき,低く落ち着いた声の大人の女性が、余裕を持って静かに話している。
02夜_01_上冬の好誼_054.wav,これだと決めるときはどうしていますか?,低く落ち着いた声の大人の女性が、余裕を持って静かに話している。
02夜_01_上冬の好誼_055.wav,私は昔、それを他人に委ねていました。,低く落ち着いた声の大人の女性が、余裕を持って静かに話している。
02夜_01_上冬の好誼_056.wav,ですから、それが思い通りにならなかった時や失敗した時に。,低く落ち着いた声の大人の女性が、余裕を持って静かに話している。
02夜_01_上冬の好誼_057.wav,人のせいにしちゃったんですよね,低く落ち着いた声の大人の女性が、余裕を持って静かに話している。
02夜_01_上冬の好誼_058.wav,そして、自分を守りたかったんです。,低く落ち着いた声の大人の女性が、余裕を持って静かに話している。
02夜_01_上冬の好誼_059.wav,でもそれが自分で決めたことなら,低く落ち着いた声の大人の女性が、余裕を持って静かに話している。
02夜_01_上冬の好誼_060.wav,決断なら、どんな結末だとしても。,低く落ち着いた声の大人の女性が、余裕を持って静かに話している。
02夜_01_上冬の好誼_061.wav,後悔はすれど,低く落ち着いた声の大人の女性が、余裕を持って静かに話している。
02夜_01_上冬の好誼_062.wav,受け入れられる,低く落ち着いた声の大人の女性が、余裕を持って静かに話している。
02夜_01_上冬の好誼_063.wav,ありがとうございました,低く落ち着いた声の大人の女性が、余裕を持って静かに話している。
02夜_01_上冬の好誼_064.wav,何がは詳しくは言えませんが,低く落ち着いた声の大人の女性が、余裕を持って静かに話している。
02夜_01_上冬の好誼_065.wav,今は納得して、ここにいる自分を受け入れています。,低く落ち着いた声の大人の女性が、余裕を持って静かに話している。
02夜_01_上冬の好誼_066.wav,昔はそうではありませんでしたからね,低く落ち着いた声の大人の女性が、余裕を持って静かに話している。
02夜_01_上冬の好誼_067.wav,線引きができずに発砲微信自分でも何が嘘で本当かわけがわからなくなって,低く落ち着いた声の大人の女性が、余裕を持って静かに話している。
02夜_01_上冬の好誼_068.wav,いろんな人から真実が知りたいって言われて,低く落ち着いた声の大人の女性が、余裕を持って静かに話している。
02夜_01_上冬の好誼_069.wav,お前たちは自分に都合のいい真実を知りたいだけだろ,低く落ち着いた声の大人の女性が、余裕を持って静かに話している。
02夜_01_上冬の好誼_070.wav,突っ跳ねて自分が変われないから,低く落ち着いた声の大人の女性が、余裕を持って静かに話している。
02夜_01_上冬の好誼_071.wav,他人を変えようとして,低く落ち着いた声の大人の女性が、余裕を持って静かに話している。
02夜_01_上冬の好誼_074.wav,旦那さんは聞き上手ですね,低く落ち着いた声の大人の女性が、余裕を持って静かに話している。
02夜_01_上冬の好誼_075.wav,お酒が入ってるのもありますが、自然にするすると言葉が出てきちゃいます。,低く落ち着いた声の大人の女性が、余裕を持って静かに話している。
02夜_01_上冬の好誼_076.wav,何の話かなんてことは,低く落ち着いた声の大人の女性が、余裕を持って静かに話している。
02夜_01_上冬の好誼_077.wav,この仕事をしている私を見れば,低く落ち着いた声の大人の女性が、余裕を持って静かに話している。
02夜_01_上冬の好誼_078.wav,だいたい予想の通りだと思います。,低く落ち着いた声の大人の女性が、余裕を持って静かに話している。
02夜_01_上冬の好誼_079.wav,詳しく語ると、それはそれで。,低く落ち着いた声の大人の女性が、余裕を持って静かに話している。
02夜_01_上冬の好誼_080.wav,角が立ちますから,低く落ち着いた声の大人の女性が、余裕を持って静かに話している。
02夜_01_上冬の好誼_081.wav,諦めて降りてしまえばよかった時もあったんですけどね,低く落ち着いた声の大人の女性が、余裕を持って静かに話している。
02夜_01_上冬の好誼_082.wav,それは、これまで頑張ってきた自分への裏切りだって。,低く落ち着いた声の大人の女性が、余裕を持って静かに話している。
02夜_01_上冬の好誼_083.wav,傲慢なプライドが邪魔をして,低く落ち着いた声の大人の女性が、余裕を持って静かに話している。
02夜_01_上冬の好誼_084.wav,今は,低く落ち着いた声の大人の女性が、余裕を持って静かに話している。
02夜_01_上冬の好誼_085.wav,そんなことないですよ。正直に。,低く落ち着いた声の大人の女性が、余裕を持って静かに話している。
02夜_01_上冬の好誼_086.wav,楽しく生きています。だからこそ。,低く落ち着いた声の大人の女性が、余裕を持って静かに話している。
02夜_01_上冬の好誼_087.wav,隠さずに煙たがられたりもしていますし,低く落ち着いた声の大人の女性が、余裕を持って静かに話している。
02夜_01_上冬の好誼_092.wav,旦那さんのそういった話も,低く落ち着いた声の大人の女性が、余裕を持って静かに話している。
02夜_01_上冬の好誼_093.wav,今度聞かせてくださいね,低く落ち着いた声の大人の女性が、余裕を持って静かに話している。
02夜_01_上冬の好誼_094.wav,人生と生き様、そして,低く落ち着いた声の大人の女性が、余裕を持って静かに話している。
02夜_01_上冬の好誼_095.wav,今の自分を作った経験,低く落ち着いた声の大人の女性が、余裕を持って静かに話している。
02夜_01_上冬の好誼_096.wav,旦那さんのことをもっともっと知りたいと思ってる子は?,低く落ち着いた声の大人の女性が、余裕を持って静かに話している。
02夜_01_上冬の好誼_097.wav,たくさんいますからねいつまでも,低く落ち着いた声の大人の女性が、余裕を持って静かに話している。
02夜_01_上冬の好誼_098.wav,八方美人な遊び方をしていては,低く落ち着いた声の大人の女性が、余裕を持って静かに話している。
02夜_01_上冬の好誼_099.wav,いつか,低く落ち着いた声の大人の女性が、余裕を持って静かに話している。
02夜_01_上冬の好誼_100.wav,後悔しちゃうことになりますからね,低く落ち着いた声の大人の女性が、余裕を持って静かに話している。
02夜_01_上冬の好誼_102.wav,ですが、今日は…,低く落ち着いた声の大人の女性が、余裕を持って静かに話している。
02夜_01_上冬の好誼_103.wav,私の旦那さんです。後悔をさせぬように。,低く落ち着いた声の大人の女性が、余裕を持って静かに話している。
02夜_01_上冬の好誼_104.wav,頭からつま先まで。,低く落ち着いた声の大人の女性が、余裕を持って静かに話している。
02夜_01_上冬の好誼_105.wav,きちんとおもてなしをすること。,低く落ち着いた声の大人の女性が、余裕を持って静かに話している。
02夜_01_上冬の好誼_106.wav,何をしてほしいですか?,低く落ち着いた声の大人の女性が、余裕を持って静かに話している。
02夜_01_上冬の好誼_107.wav,旦那さん、お任せなら。,低く落ち着いた声の大人の女性が、余裕を持って静かに話している。
02夜_01_上冬の好誼_108.wav,私なりの遊び方を一つ,低く落ち着いた声の大人の女性が、余裕を持って静かに話している。
02夜_01_上冬の好誼_109.wav,やってみたく思います,低く落ち着いた声の大人の女性が、余裕を持って静かに話している。
02夜_02_おやすみなさい_001.wav,添い寝をすると言いましたが、顔を向かい合わせてしまうと変な気持ちがふつふつとまた湧いてしまいます。,低く落ち着いた声の大人の女性が、余裕を持って静かに話している。
02夜_02_おやすみなさい_002.wav,旦那さん,低く落ち着いた声の大人の女性が、余裕を持って静かに話している。
02夜_02_おやすみなさい_003.wav,それとも、それがお望みですか?,低く落ち着いた声の大人の女性が、余裕を持って静かに話している。
02夜_02_おやすみなさい_004.wav,なんて、ダメです。あとは、もう寝るだけ。,低く落ち着いた声の大人の女性が、余裕を持って静かに話している。
02夜_02_おやすみなさい_005.wav,私のことが気になるのでしたら…,低く落ち着いた声の大人の女性が、余裕を持って静かに話している。
02夜_02_おやすみなさい_006.wav,次、また会いに来てください。,低く落ち着いた声の大人の女性が、余裕を持って静かに話している。
02夜_02_おやすみなさい_007.wav,ん,低く落ち着いた声の大人の女性が、余裕を持って静かに話している。
02夜_02_おやすみなさい_009.wav,ご視聴ありがとうございました,低く落ち着いた声の大人の女性が、余裕を持って静かに話している。
02夜_02_おやすみなさい_012.wav,うん,低く落ち着いた声の大人の女性が、余裕を持って静かに話している。
02夜_02_おやすみなさい_018.wav,ご視聴ありがとうございました,低く落ち着いた声の大人の女性が、余裕を持って静かに話している。
02夜_02_おやすみなさい_020.wav,ん?,低く落ち着いた声の大人の女性が、余裕を持って静かに話している。
02夜_02_おやすみなさい_043.wav,ご視聴ありがとうございました,低く落ち着いた声の大人の女性が、余裕を持って静かに話している。
02夜_02_おやすみなさい_048.wav,私はいつでも,低く落ち着いた声の大人の女性が、余裕を持って静かに話している。
02夜_02_おやすみなさい_049.wav,お待ちしてますから,低く落ち着いた声の大人の女性が、余裕を持って静かに話している。
02夜_02_おやすみなさい_050.wav,私はずっと,低く落ち着いた声の大人の女性が、余裕を持って静かに話している。
02夜_02_おやすみなさい_051.wav,ますから,低く落ち着いた声の大人の女性が、余裕を持って静かに話している。
02夜_02_おやすみなさい_052.wav,もう何度も,低く落ち着いた声の大人の女性が、余裕を持って静かに話している。
02夜_02_おやすみなさい_053.wav,くださいね,低く落ち着いた声の大人の女性が、余裕を持って静かに話している。
02夜_02_おやすみなさい_054.wav,ご視聴ありがとうございました,低く落ち着いた声の大人の女性が、余裕を持って静かに話している。
02夜_02_おやすみなさい_055.wav,ご視聴ありがとうございました,低く落ち着いた声の大人の女性が、余裕を持って静かに話している。
02夜_02_おやすみなさい_056.wav,ご視聴ありがとうございました,低く落ち着いた声の大人の女性が、余裕を持って静かに話している。
02夜_02_おやすみなさい_057.wav,ご視聴ありがとうございました,低く落ち着いた声の大人の女性が、余裕を持って静かに話している。
02夜_02_おやすみなさい_058.wav,ご視聴ありがとうございました,低く落ち着いた声の大人の女性が、余裕を持って静かに話している。
02夜_02_おやすみなさい_063.wav,ご視聴ありがとうございました,低く落ち着いた声の大人の女性が、余裕を持って静かに話している。
02夜_02_おやすみなさい_066.wav,ん?,低く落ち着いた声の大人の女性が、余裕を持って静かに話している。
02夜_02_おやすみなさい_067.wav,ありがとうございました,低く落ち着いた声の大人の女性が、余裕を持って静かに話している。
02夜_02_おやすみなさい_069.wav,うん,低く落ち着いた声の大人の女性が、余裕を持って静かに話している。
02夜_02_おやすみなさい_072.wav,ご視聴ありがとうございました,低く落ち着いた声の大人の女性が、余裕を持って静かに話している。
02夜_02_おやすみなさい_081.wav,ご視聴ありがとうございました,低く落ち着いた声の大人の女性が、余裕を持って静かに話している。
02夜_02_おやすみなさい_082.wav,ご視聴ありがとうございました,低く落ち着いた声の大人の女性が、余裕を持って静かに話している。
02夜_02_おやすみなさい_086.wav,ご視聴ありがとうございました,低く落ち着いた声の大人の女性が、余裕を持って静かに話している。
02夜_02_おやすみなさい_089.wav,うん,低く落ち着いた声の大人の女性が、余裕を持って静かに話している。
02夜_02_おやすみなさい_095.wav,ご視聴ありがとうございました,低く落ち着いた声の大人の女性が、余裕を持って静かに話している。
02夜_02_おやすみなさい_096.wav,ご視聴ありがとうございました,低く落ち着いた声の大人の女性が、余裕を持って静かに話している。
02夜_02_おやすみなさい_098.wav,ご視聴ありがとうございました,低く落ち着いた声の大人の女性が、余裕を持って静かに話している。
02夜_02_おやすみなさい_099.wav,ご視聴ありがとうございました,低く落ち着いた声の大人の女性が、余裕を持って静かに話している。
02夜_02_おやすみなさい_100.wav,ご視聴ありがとうございました,低く落ち着いた声の大人の女性が、余裕を持って静かに話している。
